{
    "VideoURL": "https://www.youtube.com/watch?v=-krXlF9grZQ",
    "Type": "YT video",
    "Categories": [
        "الدحيح",
        "برنامج الدحيح الجديد",
        "#daheeh #الدحيح",
        "#الدحيح @da7ee7",
        "eldahih",
        "elda7ee7",
        "new media academy الدحيح",
        "daheeh",
        "da7ee7",
        "elda7i7",
        "دحيح",
        "بوكافيين",
        "ناصر العقيل",
        "burger",
        "steak",
        "burger recipe",
        "beef patty recipe",
        "medium well steak",
        "well done steak recipe",
        "burgers",
        "juicy burger",
        "meat recipes",
        "احلى برجر في العالم",
        "احلى برجر في العالم الدحيح",
        "كويلي",
        "حلقة الدحيح",
        "آكلي اللحوم",
        "البرجر",
        "ماكدونالدز",
        "Glycogen",
        "الجلوكوز",
        "الأدرينالين",
        "برجر جوسي",
        "عرق الفلتو",
        "السجق الشرقي",
        "الستيك",
        "العضلات",
        "اللحمة المفرومة"
    ],
    "Title": "أحلى برجر في العالم | الدحيح",
    "Number_of_Likes": 98494,
    "Number_of_Dislikes": 0,
    "Number_of_Views": 2322834,
    "Number_of_Comments": 2258
}