{
    "VideoURL": "https://www.youtube.com/watch?v=wa1QODdYVog",
    "Type": "YT video",
    "Categories": [
        "الدحيح",
        "برنامج الدحيح الجديد",
        "حلقة الدحيح",
        "برنامج الدحيح",
        "new media academy الدحيح",
        "#daheeh #الدحيح",
        "eldahih",
        "daheeh",
        "elda7ee7",
        "al daheeh",
        "da7ee7",
        "دحيح",
        "new media academy",
        "اكاديمية الاعلام الجديد",
        "آل كابون",
        "أخطر رجل مافيا",
        "الحلم الأمريكي",
        "بروكلين",
        "عصابات إيطالية",
        "رجل عصابات",
        "Scarface",
        "Godfather",
        "عمدة شيكاغو",
        "شيكاغو",
        "عصابات شيكاغو",
        "مافيا",
        "علم الجريمة",
        "كابون",
        "الكساد العظيم",
        "الجالية الايطالية",
        "روزفلت",
        "بكتيريا السفلس",
        "نيويورك",
        "حظر الكحول"
    ],
    "Title": "أخطر رجل مافيا | الدحيح",
    "Number_of_Likes": 120602,
    "Number_of_Dislikes": 0,
    "Number_of_Views": 4801401,
    "Number_of_Comments": 1634
}