{
    "VideoURL": "https://www.youtube.com/watch?v=D-gdILNwf7I",
    "Type": "YT video",
    "Categories": [
        "كلاشنكوف",
        "افضل انواع الكلاشنكوف",
        "شرح كلاشنكوف",
        "بندقية كلاشنكوف",
        "كلاشنكوف 2022",
        "رشاش كلاشنكوف",
        "رمي كلاشنكوف",
        "ak-47",
        "kalashnikov",
        "ak47",
        "اشهر بندقية في العالم",
        "الدحيح",
        "حلقة الدحيح",
        "برنامج الدحيح",
        "eldahih",
        "elda7ee7",
        "daheeh",
        "da7ee7",
        "eldaheeh",
        "أكاديمية الإعلام الجديد",
        "new media academy",
        "اكاديمية الاعلام الجديد",
        "برنامج الدحيح الجديد",
        "new media academy الدحيح",
        "أخطر من النووي | الدحيح",
        "اخطر من النووي",
        "النووي",
        "السلاح النووي",
        "الاسلحة النارية",
        "بوكافيين",
        "دوباميكافين",
        "بريانسك",
        "السوفييت",
        "البندقية"
    ],
    "Title": "أخطر من النووي | الدحيح",
    "Number_of_Likes": 178838,
    "Number_of_Dislikes": 0,
    "Number_of_Views": 4819480,
    "Number_of_Comments": 2791
}