{
    "VideoURL": "https://www.youtube.com/watch?v=O7uNdw1E1pU",
    "Type": "YT video",
    "Categories": [
        "الدحيح",
        "eldahih",
        "elda7ee7",
        "da7ee7",
        "al daheeh",
        "اكاديمية الاعلام الجديد",
        "حلقة الدحيح",
        "daheeh",
        "new media academy",
        "الصين",
        "امبراطور الصين",
        "اخر امبراطور",
        "الإمبراطور الأخير",
        "الامبراطور بويي",
        "سلالة تشينغ المنشورية",
        "دولة منشوريا",
        "الحرب الأهلية الصينية",
        "الجيش الأحمر",
        "ثورة شينخاي",
        "المدينة المحرمة",
        "الحزب الشيوعي الصيني",
        "القصر الإمبراطوري",
        "بكين",
        "حكام الصين",
        "اباطرة الصين",
        "متحف القصر الإمبراطوري"
    ],
    "Title": "أغرب قصة صعود في التاريخ | الدحيح",
    "Number_of_Likes": 92182,
    "Number_of_Dislikes": 0,
    "Number_of_Views": 3264252,
    "Number_of_Comments": 1739
}