{
    "VideoURL": "https://www.youtube.com/watch?v=y2exxaq0_YI",
    "Type": "YT video",
    "Categories": [
        "الدحيح",
        "eldahih",
        "elda7ee7",
        "da7ee7",
        "al daheeh",
        "اكاديمية الاعلام الجديد",
        "حلقة الدحيح",
        "daheeh",
        "new media academy",
        "علي بابا",
        "السندباد",
        "ألف ليلة وليلة",
        "حكايات أسطورية",
        "الكتاب الأسطوري",
        "شهرزاد",
        "شهريار",
        "ملك هندي",
        "المستشرق الفرنسي جالان",
        "علاء الدين والمصباح السحري",
        "الخرافات",
        "المستشرقين",
        "خاتم سليمان",
        "البطل الاغريقي أوديسيوس",
        "شهريار الملك الهندي",
        "عصر المماليك",
        "شخصيات تاريخية",
        "هارون الرشيد",
        "الشاعر أبو نواس",
        "الرواية الأوروبية",
        "حكايات ألف ليلة وليلة"
    ],
    "Title": "ألف ليلة وليلة | الدحيح",
    "Number_of_Likes": 105716,
    "Number_of_Dislikes": 0,
    "Number_of_Views": 2474212,
    "Number_of_Comments": 1892
}