{
    "VideoURL": "https://www.youtube.com/watch?v=01t8wL-jSUc",
    "Type": "YT video",
    "Categories": [
        "الدحيح",
        "برنامج الدحيح الجديد",
        "Amitabh Bachchan",
        "eldahih",
        "elda7ee7",
        "da7ee7",
        "al daheeh",
        "Akbar Anthony",
        "اكاديمية الاعلام الجديد",
        "حلقة الدحيح",
        "daheeh",
        "أميتاب باتشان",
        "مهرجان القاهرة السينمائي",
        "سعد الدين وهبة",
        "كمال رمزي",
        "الأفلام الهندي",
        "الله آباد",
        "تيجي باتشان",
        "جامعة دلهي",
        "الهند",
        "بومباي",
        "كلكتا",
        "بوفان شوم",
        "جائزة الفيلم الوطني",
        "زانجير",
        "فيلمفير",
        "جوائز السينما الهندية",
        "أنديرا غاندي",
        "فيلم الشعلة",
        "أنوباما تشوبرا",
        "تشوبكا تشوبكا",
        "قمر أكبر أنطونيو",
        "راجيف غاندي",
        "جواهرا لال نهرو",
        "new media academy"
    ],
    "Title": "أميتاب باتشان | الدحيح",
    "Number_of_Likes": 61093,
    "Number_of_Dislikes": 0,
    "Number_of_Views": 1689436,
    "Number_of_Comments": 1634
}