{
    "VideoURL": "https://www.youtube.com/watch?v=8oPfjx6H-pM",
    "Type": "YT video",
    "Categories": [
        "الدحيح",
        "eldahih",
        "elda7ee7",
        "da7ee7",
        "al daheeh",
        "اكاديمية الاعلام الجديد",
        "حلقة الدحيح",
        "daheeh",
        "new media academy",
        "حلم إطالة العُمر",
        "نبع الشباب",
        "اكسير الحياة",
        "إطالة العمر",
        "الشيخوخة",
        "التجاعيد",
        "ضغط نطاق المرض",
        "عملية الشيخوخة",
        "جيف بيزوس",
        "مسار الشيخوخة",
        "شركة جوجل",
        "قنديل البحر الخالد",
        "الخلايا الجذعية",
        "علم الأحياء",
        "كفاءة الخلايا البشرية",
        "خلايا الدماغ العصبية",
        "السرطان",
        "الجينات",
        "الكروموسوم",
        "الخلية",
        "موت خلوي مبرمج",
        "فئران التجارب",
        "أوسكار وايلد",
        "أسطورة نافورة الشباب",
        "مكافحة الشيخوخة",
        "المستقبل"
    ],
    "Title": "الخلود | الدحيح",
    "Number_of_Likes": 96290,
    "Number_of_Dislikes": 0,
    "Number_of_Views": 2730000,
    "Number_of_Comments": 3554
}