{
    "VideoURL": "https://www.youtube.com/watch?v=W8syF8UF_Bg",
    "Type": "YT video",
    "Categories": [
        "الدحيح",
        "eldahih",
        "elda7ee7",
        "da7ee7",
        "al daheeh",
        "اكاديمية الاعلام الجديد",
        "حلقة الدحيح",
        "daheeh",
        "new media academy",
        "الملح",
        "ملح الطعام",
        "الملح الابيض",
        "الصناعات الغذائية",
        "صناعة الملح",
        "كلوريد الصوديوم",
        "معادن الجسم",
        "اكتشاف الملح",
        "الكوليسترول",
        "اهمية الملح",
        "تمليح الطعام",
        "ملح",
        "ملح البحر",
        "جمهورية البندقية",
        "تجارة الملح",
        "سمك القد المملح",
        "احتكار الملح",
        "متفجرات الملح الصخري",
        "السيطرة على الملح",
        "ملح ليفربول",
        "حصار الملح",
        "تعفن الطعام",
        "اختفاء الملح",
        "ملح الهند",
        "غاندي",
        "مسيرة الملح"
    ],
    "Title": "الملح | الدحيح",
    "Number_of_Likes": 72550,
    "Number_of_Dislikes": 0,
    "Number_of_Views": 2112084,
    "Number_of_Comments": 1818
}