{
    "VideoURL": "https://www.youtube.com/watch?v=NEy6Oj8dmCc",
    "Type": "YT video",
    "Categories": [
        "الدحيح",
        "eldahih",
        "elda7ee7",
        "da7ee7",
        "al daheeh",
        "اكاديمية الاعلام الجديد",
        "حلقة الدحيح",
        "daheeh",
        "new media academy",
        "التوحد",
        "مرض التوحد",
        "مريض التوحد",
        "التربية الحديثه",
        "مهارات عبقرية",
        "عبقرية التوحد",
        "تكوين الصداقات",
        "الاصابة بالتوحد",
        "متلازمة أسبرجر",
        "علاج التوحد",
        "علماء التوحد",
        "اضطراب التوحد",
        "اضطراب طيف التوحد",
        "متوحد عبقري",
        "الخرافات عن التوحد",
        "التنوع العصبي",
        "التوحد الشديد",
        "توحد الاطفال",
        "مشكلة التوحد",
        "مشاكل التوحد"
    ],
    "Title": "التوحُّد | الدحيح",
    "Number_of_Likes": 101335,
    "Number_of_Dislikes": 0,
    "Number_of_Views": 2729866,
    "Number_of_Comments": 3185
}