{
    "VideoURL": "https://www.youtube.com/watch?v=nIUTsuHD4-4",
    "Type": "YT video",
    "Categories": [
        "الدحيح",
        "حلقة الدحيح",
        "برنامج الدحيح",
        "eldahih",
        "daheeh",
        "da7ee7",
        "eldaheeh",
        "أكاديمية الإعلام الجديد",
        "new media academy",
        "برنامج الدحيح الجديد",
        "new media academy الدحيح",
        "فرقة الحشاشين",
        "أصل طائفة الحشاشين",
        "حسن الصباح الحشاشين",
        "الحشاشين حسن الصباح",
        "قلعة الموت الحشاشين",
        "قلعة الحشاشين",
        "نهاية الحشاشين",
        "حسن الصباح",
        "غموض طائفة الحشاشين",
        "قصة الحشاشين",
        "ناصر العقيل",
        "عمر الخيام",
        "مُلك شاه",
        "نظام المُلك الطوسي",
        "مسلسل الحشاشين",
        "رمضان الحشاشين",
        "الحشاشين رمضان",
        "مسلسل رمضان",
        "كريم عبد العزيز",
        "حشاشين"
    ],
    "Title": "الحشاشين | الدحيح",
    "Number_of_Likes": 228227,
    "Number_of_Dislikes": 0,
    "Number_of_Views": 7675243,
    "Number_of_Comments": 5158
}