{
    "VideoURL": "https://www.youtube.com/watch?v=QYTj9X39KJc",
    "Type": "YT video",
    "Categories": [
        "الدحيح",
        "eldahih",
        "elda7ee7",
        "da7ee7",
        "al daheeh",
        "اكاديمية الاعلام الجديد",
        "حلقة الدحيح",
        "daheeh",
        "new media academy",
        "نضارة الواقع الافتراضي",
        "apple vision pro",
        "apple watch",
        "vision pro",
        "الحوسبة الفراغية",
        "الميتافيرس",
        "meta",
        "ميتا كويست برو",
        "واقع افتراضي",
        "مفهوم الميتافيرس",
        "الأيفون",
        "التفاعل مع العالم الافتراضي",
        "أول تليفون محمول",
        "نظام الويندوز",
        "الماكنتوش",
        "الأندرويد",
        "السمارت فون",
        "جوجل",
        "سامسونج",
        "ستيف جوبز",
        "تكنولوجيا الواقع الافتراضي",
        "كمبيوتر",
        "حاسب شخصي",
        "شركة سامسونج",
        "عدسات الواقع الافتراضي"
    ],
    "Title": "الميتافيرس | الدحيح",
    "Number_of_Likes": 84078,
    "Number_of_Dislikes": 0,
    "Number_of_Views": 1985168,
    "Number_of_Comments": 1385
}