{
    "VideoURL": "https://www.youtube.com/watch?v=MSTHbT8ZuCs",
    "Type": "YT video",
    "Categories": [
        "الدحيح",
        "برنامج الدحيح الجديد",
        "eldahih",
        "elda7ee7",
        "da7ee7",
        "al daheeh",
        "اكاديمية الاعلام الجديد",
        "حلقة الدحيح",
        "daheeh",
        "new media academy",
        "أبوك؟ هل تعرف عنه كل شيء؟",
        "لماذا الجنس للمتعة",
        "الأب",
        "الفرق بين الأم والأب",
        "الحيوانات المنوية",
        "الرضع",
        "المجتمعات البشرية",
        "تأثير النظام الغذائي",
        "صحة الجنين",
        "تحديد جنس الجنين",
        "أطفال الأنابيب",
        "عمليات أطفال الأنابيب",
        "دافور سولتر",
        "الحمض النووي",
        "وظيفة الجينات",
        "كروموسوم",
        "شعب الأكا",
        "داروين",
        "الأب والأبناء",
        "التغيرات الهرمونية",
        "التستوستيرون",
        "الساعة البيولوجية"
    ],
    "Title": "الأب | الدحيح",
    "Number_of_Likes": 90592,
    "Number_of_Dislikes": 0,
    "Number_of_Views": 2630402,
    "Number_of_Comments": 2410
}