{
    "VideoURL": "https://www.youtube.com/watch?v=WW0raF3wuZU",
    "Type": "YT video",
    "Categories": [
        "الدحيح",
        "eldahih",
        "elda7ee7",
        "da7ee7",
        "al daheeh",
        "اكاديمية الاعلام الجديد",
        "حلقة الدحيح",
        "daheeh",
        "new media academy",
        "ملوك بروسيا",
        "فريدريك العظيم",
        "بروسيا",
        "الحرب العالمية التانية",
        "كيلو بطاطس",
        "ألبطاطس",
        "كريستوفر كولومبوس",
        "اوروبا",
        "أسيا",
        "العالم القديم",
        "الطماطم",
        "محاصيل جديدة",
        "التبادل الكولومبي",
        "البطاطا",
        "جبال الأنديز",
        "الموطن الأصلي للبطاطس",
        "قصة البطاطس",
        "زهرة البطاطس",
        "غذاء رئيسي",
        "حضارة الإنكا",
        "نبات زينة",
        "البصل الاخضر",
        "مكانة البطاطس",
        "المجاعات",
        "زيادة السكان",
        "مشكلة التغذية",
        "الغذاء التقليدي الأوروبي"
    ],
    "Title": "البطاطس | الدحيح",
    "Number_of_Likes": 96475,
    "Number_of_Dislikes": 0,
    "Number_of_Views": 2899164,
    "Number_of_Comments": 2125
}