{
    "VideoURL": "https://www.youtube.com/watch?v=UiOo-3iSon8",
    "Type": "YT video",
    "Categories": [
        "الدحيح",
        "برنامج الدحيح الجديد",
        "حلقة الدحيح",
        "eldahih",
        "new media academy الدحيح",
        "elda7ee7",
        "daheeh",
        "da7ee7",
        "دحيح",
        "al daheeh",
        "eldaheeh",
        "elda7i7",
        "new media academy",
        "اكاديمية الاعلام الجديد",
        "أكاديمية الإعلام الجديد",
        "الكابوس",
        "الكوابيس",
        "الاحلام والكوابيس",
        "الكوابيس المرعبه",
        "الكوابيس المفيدة",
        "الجاثوم",
        "nightmare",
        "nightmares",
        "لويجي جالفاني",
        "galvanism",
        "الجلفانية",
        "جيوفاني ألديني",
        "قصص الأشباح",
        "فرانكشتاين",
        "Henry Fuseli",
        "نظرية محاكاة التهديد",
        "حلم الجاثوم",
        "الحبل الشوكي",
        "الفص الأمامي الجبهي",
        "لاكويلا",
        "مات ويلسون"
    ],
    "Title": "الكابوس | الدحيح",
    "Number_of_Likes": 97648,
    "Number_of_Dislikes": 0,
    "Number_of_Views": 2338816,
    "Number_of_Comments": 1790
}