{
    "VideoURL": "https://www.youtube.com/watch?v=jkhwp2bFaR8",
    "Type": "YT video",
    "Categories": [
        "الدحيح",
        "new media academy الدحيح",
        "eldahih",
        "elda7ee7",
        "daheeh",
        "da7ee7",
        "al daheeh",
        "دحيح",
        "eldaheeh",
        "new media academy",
        "اكاديمية الاعلام الجديد",
        "الخنزير",
        "سبب تحريم لحم الخنزير",
        "لحم الخنزير",
        "لحم الخنزير واضراره",
        "حكم اكل لحم الخنزير",
        "أضرار لحم الخنزير",
        "تحريم لحم الخنزير",
        "أكل لحم الخنزير",
        "اسباب تحريم لحم الخنزير في الاسلام",
        "ما سبب تحريم لحم الخنزير",
        "ثدييات أرضية",
        "الخنزير البري",
        "الخنزير الوحشي الأفريقي",
        "هيرودوت",
        "اليهودية",
        "Christien Meindertsma",
        "لحمة الخنزير",
        "كانديس كروني"
    ],
    "Title": "الخنزير | الدحيح",
    "Number_of_Likes": 125079,
    "Number_of_Dislikes": 0,
    "Number_of_Views": 3318133,
    "Number_of_Comments": 5699
}