{
    "VideoURL": "https://www.youtube.com/watch?v=wgD_XDbapjs",
    "Type": "YT video",
    "Categories": [
        "الدحيح",
        "برنامج الدحيح الجديد",
        "eldahih",
        "elda7ee7",
        "da7ee7",
        "al daheeh",
        "اكاديمية الاعلام الجديد",
        "حلقة الدحيح",
        "daheeh",
        "new media academy",
        "البطارية",
        "البطاريات",
        "حدوتة البطارية",
        "مبادئ الكيمياء الكهربية",
        "الاختزال",
        "الأكسدة",
        "الكيمياء الكهربية",
        "الألكترونات",
        "البروتونات",
        "النحاس",
        "أقراص زنك",
        "الكهرباء الحيوانية",
        "الفولت",
        "الأمبير",
        "عمليات كيميائية",
        "الكهرباء",
        "اكتساب إلكترونات",
        "ذرة الحديد",
        "الكيميائيين",
        "سلسلة الجهود الكهربية",
        "الجدول الدوري",
        "عمليات الأكسدة",
        "خلية دانيال",
        "الكبريت",
        "الشحنة الموجبة",
        "المراجعة النهائية"
    ],
    "Title": "البطارية | الدحيح",
    "Number_of_Likes": 74347,
    "Number_of_Dislikes": 0,
    "Number_of_Views": 2356157,
    "Number_of_Comments": 3827
}