{
    "VideoURL": "https://www.youtube.com/watch?v=fWrOwlvPWVQ",
    "Type": "YT video",
    "Categories": [
        "الدحيح",
        "برنامج الدحيح الجديد",
        "new media academy الدحيح",
        "eldahih",
        "elda7ee7",
        "da7ee7",
        "al daheeh",
        "new media academy",
        "اكاديمية الاعلام الجديد",
        "حلقة الدحيح",
        "daheeh",
        "الجلوكوز",
        "Angus Barbieri",
        "صيام المياه",
        "نسب السكر في الدم",
        "كالوريز",
        "الصيام المتقطع",
        "كيتو دايت",
        "ريجيم الكيتو",
        "الكيتو",
        "Hydration",
        "السمنة المفرطة",
        "نظام غذائي",
        "التخسيس",
        "انقاص الوزن",
        "الأسيتون",
        "Ketosis",
        "التخسيس السريع",
        "تكوين الأنسجة",
        "البروكلي",
        "الدهون الثلاثية",
        "السعرات الحرارية",
        "خطة إنقاص وزن",
        "البروتين",
        "الأجسام الكيتونية",
        "النظام الغذائي"
    ],
    "Title": "الكيتو | الدحيح",
    "Number_of_Likes": 118520,
    "Number_of_Dislikes": 0,
    "Number_of_Views": 2817629,
    "Number_of_Comments": 3634
}