{
    "VideoURL": "https://www.youtube.com/watch?v=zfBve7gvF2Y",
    "Type": "YT video",
    "Categories": [
        "الدحيح",
        "المغول",
        "أكاديمية الاعلام الجديد",
        "المغول والتتار",
        "من هم المغول",
        "المغول من البداية الى النهاية",
        "الامبراطورية المغولية",
        "تاريخ المغول",
        "جنكيز خان قائد المغول",
        "امبراطورية المغول",
        "من هو جنكيز خان المغول",
        "تاريخ المغول جنكيز خان",
        "غزوات المغول",
        "هزيمة المغول",
        "جنكيز خان",
        "الفرق بين المغول والتتار",
        "genghis khan",
        "المغول جنكيز خان",
        "قائد المغول جنكيز خان",
        "قصة جنكيز خان",
        "تاريخ جنكيز خان",
        "حروب جنكيز خان",
        "قصة حياة جنكيز خان",
        "قصة جنكيز خان كاملة",
        "قبر جنكيز خان",
        "التتار"
    ],
    "Title": "المغول | الدحيح",
    "Number_of_Likes": 205255,
    "Number_of_Dislikes": 0,
    "Number_of_Views": 6693453,
    "Number_of_Comments": 4981
}