{
    "VideoURL": "https://www.youtube.com/watch?v=qMqPJIozZvc",
    "Type": "YT video",
    "Categories": [
        "الدحيح",
        "eldahih",
        "elda7ee7",
        "da7ee7",
        "al daheeh",
        "اكاديمية الاعلام الجديد",
        "حلقة الدحيح",
        "daheeh",
        "new media academy",
        "الاعاصير",
        "حلقات الأشجار",
        "سبب الاعصار",
        "الاعصار",
        "ظاهرة الاحتباس الحراري",
        "النمو الاقتصادي",
        "صعود الرأسمالية",
        "الملاحة البحرية",
        "متحف المتروبوليتان للفنون",
        "المتحف الانجليزي",
        "الأشجار",
        "عمر الشجرة",
        "حياة الشجرة",
        "دراسة حلقات الشجر",
        "الشمس",
        "شجر الصنوبر",
        "جزر الهند",
        "عدد الأعاصير",
        "علم الفلك",
        "البقع الشمسية",
        "درجة حرارة سطح الشمس",
        "عمر الأرض",
        "العصر الجليدي الصغير",
        "الأنهار الجليدية الجبلية"
    ],
    "Title": "الأعاصير | الدحيح",
    "Number_of_Likes": 62643,
    "Number_of_Dislikes": 0,
    "Number_of_Views": 1817414,
    "Number_of_Comments": 997
}