{
    "VideoURL": "https://www.youtube.com/watch?v=k1t55VUefPI",
    "Type": "YT video",
    "Categories": [
        "الدحيح",
        "eldahih",
        "elda7ee7",
        "da7ee7",
        "al daheeh",
        "اكاديمية الاعلام الجديد",
        "حلقة الدحيح",
        "daheeh",
        "new media academy",
        "مارفل",
        "marvel",
        "ايرون مان",
        "سبايدر مان",
        "سوبرمان",
        "باتمان",
        "شركة مارفل",
        "هالك",
        "افلام مارفل",
        "عالم مارفل",
        "سينما مارفل",
        "ابطال خارقين",
        "الكوميكس",
        "سوبرهيرو",
        "ستان لي",
        "كابتن اميركا",
        "افلام الاكشن",
        "justice league",
        "hulk",
        "مجلة مارفل",
        "تاريخ شركة مارفل",
        "نظرية مارفل",
        "المجتمع الامريكي",
        "نجاح مارفل",
        "افلاس مارفل",
        "ابطال مارفل",
        "الرجل الحديدي"
    ],
    "Title": "الشركة العالمية للأبطال الخارقين | الدحيح",
    "Number_of_Likes": 84635,
    "Number_of_Dislikes": 0,
    "Number_of_Views": 2153617,
    "Number_of_Comments": 2009
}