{
    "VideoURL": "https://www.youtube.com/watch?v=YXcg79ZcQc4",
    "Type": "YT video",
    "Categories": [
        "الدحيح",
        "eldahih",
        "elda7ee7",
        "da7ee7",
        "al daheeh",
        "اكاديمية الاعلام الجديد",
        "حلقة الدحيح",
        "daheeh",
        "new media academy",
        "التمرد الوهابي فى الحجاز",
        "محمد علي",
        "كبار المماليك",
        "المماليك",
        "باب زويلة",
        "باب العزب",
        "قادة المماليك",
        "رجال محمد علي",
        "طوسون باشا",
        "الدولة الأيوبية",
        "الحملات الصليبية",
        "التجنيد الإجباري",
        "صحاري وسط آسيا",
        "سيبيريا",
        "آسيا",
        "السلطان الصالح نجم الدين أيوب",
        "شجرة الدر",
        "روضة المنيل",
        "المقريزي",
        "قلعة صلاح الدين الأيوبي",
        "المماليك البحرية",
        "فنون القتال",
        "ميكايفيلي",
        "توران شاه",
        "لويس التاسع ملك فرنسا"
    ],
    "Title": "المماليك | الدحيح",
    "Number_of_Likes": 109903,
    "Number_of_Dislikes": 0,
    "Number_of_Views": 4256949,
    "Number_of_Comments": 2377
}