{
    "VideoURL": "https://www.youtube.com/watch?v=PhnCwZKiHpE",
    "Type": "YT video",
    "Categories": [
        "الدحيح",
        "eldahih",
        "elda7ee7",
        "da7ee7",
        "al daheeh",
        "اكاديمية الاعلام الجديد",
        "حلقة الدحيح",
        "daheeh",
        "new media academy",
        "أمريكا",
        "انتخابات امريكا",
        "American Elections",
        "President of America",
        "America's democracy",
        "Democratic Party",
        "انتخابات",
        "ولايات امريكا",
        "رئيس امريكا",
        "الرئيس الامريكي",
        "اوباما",
        "ترامب",
        "الولايات الامريكية",
        "نيويورك",
        "واشنطن",
        "الحزب الجمهوري",
        "الحزب الديمقراطي",
        "حزب الفيل",
        "حزب الحمار",
        "المجمع الانتخابي الامريكي",
        "ديمقراطية امريكا",
        "بايدن",
        "المرشح الامريكي",
        "اغتيال ترامب",
        "قتل ترامب",
        "موت ترامب"
    ],
    "Title": "الإنتخابات الأمريكية | الدحيح",
    "Number_of_Likes": 86678,
    "Number_of_Dislikes": 0,
    "Number_of_Views": 3038304,
    "Number_of_Comments": 3179
}