{
    "VideoURL": "https://www.youtube.com/watch?v=U62Jkd529LI",
    "Type": "YT video",
    "Categories": [
        "الدحيح",
        "eldahih",
        "elda7ee7",
        "da7ee7",
        "al daheeh",
        "اكاديمية الاعلام الجديد",
        "حلقة الدحيح",
        "daheeh",
        "new media academy",
        "حفل الافتتاح",
        "الاوليمبياد",
        "افتتاح الاوليمبياد",
        "اوليمبياد باريس",
        "لوحة المسيح",
        "العشاء الاخير",
        "لوحة العشاء الاخير",
        "باريس 2024",
        "حفل باريس",
        "دافنشي",
        "عصر النهضة",
        "عصر الرسامين",
        "مايكل انجلو",
        "أعمال عصر النهضة",
        "لوحة الصلب",
        "ليوناردو",
        "لوحات ليوناردو",
        "الرسم بالزيت",
        "متحف اللوفر",
        "اشهر اللوحات",
        "لوحات ثمينة",
        "عقيدة الفداء",
        "يهوذا",
        "يهوذا الخائن",
        "السيد المسيح",
        "المسيح",
        "يهوذا المسيح"
    ],
    "Title": "العشاء الأخير | الدحيح",
    "Number_of_Likes": 153528,
    "Number_of_Dislikes": 0,
    "Number_of_Views": 3759827,
    "Number_of_Comments": 8982
}