{
    "VideoURL": "https://www.youtube.com/watch?v=G28SocqOwOE",
    "Type": "YT video",
    "Categories": [
        "الدحيح",
        "eldahih",
        "elda7ee7",
        "da7ee7",
        "al daheeh",
        "اكاديمية الاعلام الجديد",
        "حلقة الدحيح",
        "daheeh",
        "new media academy",
        "الأندرتيكر | الدحيح",
        "فينس مكمان",
        "خدع المصارعة",
        "الصخرة",
        "جولدبيرج",
        "ستيف أوستن",
        "بروك ليزنر",
        "شاون مايكلز",
        "ريك فلير",
        "ريسلمانيا",
        "أيدج",
        "برونو سامارتينو",
        "هالك هوجان",
        "ستون كولد ستيف أوستن",
        "تمثيل المصارعة",
        "تاريخ اتحاد المصارعة الحرة",
        "مارك كالاوي",
        "الحانوتي",
        "كين المصارع",
        "كيرت انجل",
        "محمد علي كلاي",
        "مصارعة المحترفين",
        "اتحاد المصارعة",
        "راي ميستريو",
        "جريت كالي",
        "حلبة المصارعة"
    ],
    "Title": "الأندرتيكر | الدحيح",
    "Number_of_Likes": 140719,
    "Number_of_Dislikes": 0,
    "Number_of_Views": 4385555,
    "Number_of_Comments": 4220
}