{
    "VideoURL": "https://www.youtube.com/watch?v=u4UTjxo54_A",
    "Type": "YT video",
    "Categories": [
        "الدحيح",
        "eldahih",
        "elda7ee7",
        "da7ee7",
        "al daheeh",
        "اكاديمية الاعلام الجديد",
        "حلقة الدحيح",
        "daheeh",
        "new media academy",
        "كيف تصبح غنيا بعد وفاتك",
        "شركات التأمين",
        "التأمين الأجتماعي",
        "التأمين ضد الحوادث",
        "تأمين علي الحياة",
        "علماء الإقتصاد",
        "علم الأحصاء",
        "التأمين عبر التاريخ",
        "فوايد التأمين النفسية",
        "لويدز أوف لندن",
        "شركة تأمين",
        "مرض هنتجتون العصبي",
        "أقساط الحياة السنوية",
        "المصرفيين السويسريين",
        "الثورة الفرنسية",
        "أمراض الشيخوخة",
        "بوليصة تأمين ضد حوادث السيارات",
        "الإيكونوميست",
        "بيزنس التأمين",
        "حوادث السيارات"
    ],
    "Title": "التأمين | الدحيح",
    "Number_of_Likes": 49987,
    "Number_of_Dislikes": 0,
    "Number_of_Views": 1618251,
    "Number_of_Comments": 850
}