{
    "VideoURL": "https://www.youtube.com/watch?v=HtgT8Zmf35c",
    "Type": "YT video",
    "Categories": [
        "الدحيح",
        "eldahih",
        "elda7ee7",
        "da7ee7",
        "al daheeh",
        "اكاديمية الاعلام الجديد",
        "حلقة الدحيح",
        "daheeh",
        "new media academy",
        "النسيان",
        "التوتر",
        "العقل البشري",
        "الذاكرة",
        "ذاكرة الانسان",
        "العقل الباطن",
        "الوعي",
        "وعي الانسان",
        "علم النسيان",
        "علم النفس",
        "كيف تتذكر",
        "استخدام العقل",
        "كيف يعمل العقل",
        "علوم الأعصاب",
        "علم نفس التطور",
        "عملية النسيان",
        "سياسات التنسية",
        "الذاكرة الفردية",
        "إشارة الإكتمال",
        "تذكر الحقيقة",
        "تأثير التوتر",
        "المعرفة في النسيان",
        "نظرية عدم الإستخدام",
        "الذكاء الصناعي",
        "علم النسيان الجديد"
    ],
    "Title": "النسيان | الدحيح",
    "Number_of_Likes": 148928,
    "Number_of_Dislikes": 0,
    "Number_of_Views": 3699897,
    "Number_of_Comments": 2891
}