{
    "VideoURL": "https://www.youtube.com/watch?v=efigiluZEHA",
    "Type": "YT video",
    "Categories": [
        "الدحيح",
        "eldahih",
        "elda7ee7",
        "da7ee7",
        "al daheeh",
        "اكاديمية الاعلام الجديد",
        "حلقة الدحيح",
        "daheeh",
        "new media academy",
        "الحساسية",
        "الشخصيات الحساسة",
        "الأشخاص ذوي الحساسية العالية",
        "القوى الخارقة",
        "المشاعر الفياضة",
        "مواد كيميائية",
        "الفسيولوجيا",
        "الحساسية المفرطة",
        "خلايا مناعية",
        "الجهاز المناعي",
        "خلل في ضربات القلب",
        "حساسية السوداني",
        "حساسية الماء",
        "إنسان حساس",
        "المدخلات الحسية",
        "المعالجة الإدراكية",
        "الحساسية مرض",
        "الطفولة المبكرة",
        "الأشخاص الحساسين",
        "خلايا عصبية",
        "الإنسان شديد الحساسية",
        "علاج الحساسية"
    ],
    "Title": "الحساسية | الدحيح",
    "Number_of_Likes": 98206,
    "Number_of_Dislikes": 0,
    "Number_of_Views": 3217791,
    "Number_of_Comments": 2020
}