{
    "VideoURL": "https://www.youtube.com/watch?v=-fyJk0JBG4k",
    "Type": "YT video",
    "Categories": [
        "الدحيح",
        "eldahih",
        "elda7ee7",
        "da7ee7",
        "al daheeh",
        "اكاديمية الاعلام الجديد",
        "حلقة الدحيح",
        "daheeh",
        "new media academy",
        "الماسونية",
        "حكاية الماسونية",
        "ابطال الماسونية",
        "حقيقة الماسونية",
        "تاريخ الماسونية",
        "منظمات الماسونية",
        "الماسونية في مصر",
        "الماسونية العربية",
        "الماسون الاعظم",
        "المنظمات السرية",
        "الماسونية السرية",
        "تدمير الماسونية",
        "عين الماسونية",
        "ماسونية أمريكا",
        "منظمة الماسونية",
        "تخطيط الماسونية",
        "جرائم الماسونية",
        "الماسونية في العالم العربي"
    ],
    "Title": "الماسونية | الدحيح",
    "Number_of_Likes": 175676,
    "Number_of_Dislikes": 0,
    "Number_of_Views": 4668293,
    "Number_of_Comments": 10122
}