{
    "VideoURL": "https://www.youtube.com/watch?v=RiMga7zpVfI",
    "Type": "YT video",
    "Categories": [
        "الدحيح",
        "eldahih",
        "elda7ee7",
        "da7ee7",
        "al daheeh",
        "اكاديمية الاعلام الجديد",
        "حلقة الدحيح",
        "daheeh",
        "new media academy",
        "رئيس امريكا",
        "رؤساء امريكا",
        "ترامب",
        "بايدن",
        "اوباما",
        "كلينتون",
        "الانتخابات الامريكية",
        "الدستور الامريكي",
        "هاري ترومان",
        "كيسنجر",
        "نيكسون",
        "كينيدي",
        "الصورة الإعلامية للرئيس",
        "الرئيس روزفلت",
        "هتلر",
        "الحرب العالمية الثانية",
        "انتخابات الرئاية",
        "الرئيس الامريكي",
        "ترومان",
        "أوباما",
        "البيت الأبيض",
        "أمريكا تحكم العالم",
        "مقتل كينيدي",
        "هيلاري كلينتون",
        "الحزب الديمقراطي",
        "الحزب الجمهوري"
    ],
    "Title": "الرئيس الأمريكي | الدحيح",
    "Number_of_Likes": 93810,
    "Number_of_Dislikes": 0,
    "Number_of_Views": 3109212,
    "Number_of_Comments": 2555
}