{
    "VideoURL": "https://www.youtube.com/watch?v=FHrpR_GrKp0",
    "Type": "YT video",
    "Categories": [
        "الدحيح",
        "eldahih",
        "elda7ee7",
        "da7ee7",
        "al daheeh",
        "اكاديمية الاعلام الجديد",
        "حلقة الدحيح",
        "daheeh",
        "new media academy",
        "ماوتسي تونج ولعنة الجيل المفقود",
        "القائد الشيوعي ماو تسي تونغ",
        "أكبر مجاعة في تاريخ البشرية",
        "الحزب الشيوعي الصيني",
        "ماوتسونج",
        "زعيم الإتحاد السوفييتي",
        "نيكيتا خروتشوف",
        "ستالين",
        "زعامة الشيوعية العالمية",
        "الصين",
        "الحزب القومي الصيني",
        "أطول مسيرة متواصلة في تاريخ الحروب",
        "تايوان",
        "هونج كونج",
        "خروتشوف",
        "مباديء الشيوعية",
        "الإقتصاد الصيني",
        "الثورة الثقافية",
        "china",
        "الصين | الدحيح | China"
    ],
    "Title": "الصين | الدحيح",
    "Number_of_Likes": 115742,
    "Number_of_Dislikes": 0,
    "Number_of_Views": 5602833,
    "Number_of_Comments": 2617
}