{
    "VideoURL": "https://www.youtube.com/watch?v=tOhUP9LibJc",
    "Type": "YT video",
    "Categories": [
        "الدحيح",
        "برنامج الدحيح الجديد",
        "حلقة الدحيح",
        "برنامج الدحيح",
        "new media academy الدحيح",
        "#daheeh #الدحيح",
        "eldahih",
        "daheeh",
        "elda7ee7",
        "al daheeh",
        "da7ee7",
        "دحيح",
        "new media academy",
        "اكاديمية الاعلام الجديد",
        "الإندماج النووي",
        "طاقة",
        "لوقود الأحفوري",
        "مصادر الطاقة",
        "الطاقة النووية",
        "تكنولوجيا انشطارية",
        "كتلة النواة",
        "توليد الطاقة",
        "فرانسيس وليام",
        "ذرة هيليوم",
        "فيزياء الفلك",
        "قلب الشمس",
        "هيدروجين",
        "هيليوم",
        "الذرة؟",
        "بلوتونيوم",
        "يورانيوم",
        "بروتون",
        "الهيدروجين",
        "الالكترونات",
        "النواة",
        "البلازما",
        "التفاعل النووي",
        "بروتونات",
        "نيوترونات"
    ],
    "Title": "الإندماج النووي | الدحيح",
    "Number_of_Likes": 76135,
    "Number_of_Dislikes": 0,
    "Number_of_Views": 2315090,
    "Number_of_Comments": 1680
}