{
    "VideoURL": "https://www.youtube.com/watch?v=dbPotaUWC08",
    "Type": "YT video",
    "Categories": [
        "daheeh",
        "الدحيح",
        "دحح",
        "egypt",
        "arab",
        "comedy",
        "entertainment",
        "learning",
        "society",
        "culture",
        "دحيح",
        "Women",
        "funny",
        "covid",
        "corona",
        "quarantine",
        "viruses",
        "كورونا",
        "فيروس"
    ],
    "Title": "الدحيح | الفيروسات",
    "Number_of_Likes": 99293,
    "Number_of_Dislikes": 0,
    "Number_of_Views": 2259080,
    "Number_of_Comments": 2191
}