{
    "VideoURL": "https://www.youtube.com/watch?v=XKnkiSJGjTk",
    "Type": "YT video",
    "Categories": [
        "السعادة",
        "أسباب السعادة",
        "السعادة في الحياة",
        "دوبامين",
        "الدوبامين",
        "dopamine",
        "هرمون السعادة",
        "هرمون السعادة الدوبامين",
        "هرمون السعادة السيروتونين",
        "ما هو هرمون السعادة",
        "الدحيح",
        "برنامج الدحيح الجديد",
        "حلقة الدحيح",
        "#daheeh #الدحيح",
        "new media academy الدحيح",
        "eldahih",
        "elda7ee7",
        "daheeh",
        "da7ee7",
        "al daheeh",
        "eldaheeh",
        "new media academy",
        "اكاديمية الاعلام الجديد",
        "أكاديمية الإعلام الجديد",
        "التنوع الجيني",
        "هرمون الدوبامين",
        "الأوكستوسين",
        "مراكز إنتاج الدوبامين",
        "السكيزوفرينيا",
        "الأمفيتامين",
        "مٌدمن دوبامين",
        "نوبل"
    ],
    "Title": "البحث عن السعادة | الدحيح",
    "Number_of_Likes": 127214,
    "Number_of_Dislikes": 0,
    "Number_of_Views": 3182778,
    "Number_of_Comments": 3517
}