{
    "VideoURL": "https://www.youtube.com/watch?v=BHoFn3rHPx8",
    "Type": "YT video",
    "Categories": [
        "الدحيح",
        "برنامج الدحيح الجديد",
        "eldahih",
        "elda7ee7",
        "da7ee7",
        "al daheeh",
        "Akbar Anthony",
        "اكاديمية الاعلام الجديد",
        "حلقة الدحيح",
        "daheeh",
        "new media academy",
        "اﻟﻘرﻓﺔ",
        "التاريخ الدموي لرشة الكمون",
        "دور التجار العرب في وصول الإسلام إلى جزر شرق آسيا",
        "ھﯾرودوت",
        "أرﺳطو",
        "ﺗﺟﺎرة اﻟﺗواﺑل",
        "نكهات التوابل",
        "الزنجبيل",
        "العرقسوس",
        "توابل",
        "التوابل",
        "توابل الطعام",
        "اﻟرﯾﺣﺎن",
        "اﻟﺟﻠوﻛوز",
        "جنة التوابل",
        "الهند",
        "بهارات هندية",
        "طريق الحرير",
        "فلفل حراق",
        "مستعمرات هولندا",
        "القرنفل",
        "الكاكاو",
        "فاسكو دي جاما",
        "كولومبس",
        "مدينة البندقية"
    ],
    "Title": "التوابل | الدحيح",
    "Number_of_Likes": 67979,
    "Number_of_Dislikes": 0,
    "Number_of_Views": 2053122,
    "Number_of_Comments": 1331
}