{
    "VideoURL": "https://www.youtube.com/watch?v=xsah0W5f2DY",
    "Type": "YT video",
    "Categories": [
        "الدحيح",
        "eldahih",
        "elda7ee7",
        "da7ee7",
        "al daheeh",
        "اكاديمية الاعلام الجديد",
        "حلقة الدحيح",
        "daheeh",
        "new media academy",
        "فان بيتهوفن",
        "الموسيقى",
        "الموسيقار موتسارت",
        "موسيقى بيتهوفن",
        "تأليف موسيقى",
        "سيمفونية بيتهوفن الخامسة",
        "موزارت",
        "خليفة موزارت",
        "الاحتفالات الكنسية",
        "الثورة الفرنسية",
        "عازف تشيللو",
        "مسيرة بيتهوفن",
        "نابليون",
        "الحرب العالمية",
        "السيمفونية الخامسة",
        "سيمفونية بيتهوفن السادسة",
        "الموسيقار الأسطوري",
        "السيمفونية السابعة",
        "التراث الموسيقي",
        "المزيكا",
        "طفولة بيتهوفن",
        "الحرب العالمية التانية",
        "عازف البيانو"
    ],
    "Title": "بيتهوفن | الدحيح",
    "Number_of_Likes": 81714,
    "Number_of_Dislikes": 0,
    "Number_of_Views": 1965953,
    "Number_of_Comments": 2206
}