{
    "VideoURL": "https://www.youtube.com/watch?v=NlHwOzwbYpE",
    "Type": "YT video",
    "Categories": [
        "الدحيح",
        "eldahih",
        "elda7ee7",
        "da7ee7",
        "al daheeh",
        "اكاديمية الاعلام الجديد",
        "حلقة الدحيح",
        "daheeh",
        "new media academy",
        "عصر النهضة في أوروبا",
        "سفينة الحمقي",
        "تاريخ الجنون",
        "المرض النفسي",
        "العلاج النفسي",
        "أرواح شريرة",
        "ابن سينا",
        "ابو بكر الرازي",
        "أول مستشفى في العالم",
        "علاج الجنون",
        "حملة مطاردة الساحرات",
        "دون كيشوت",
        "عصر العقل",
        "مستشفى بيدلام الملكية",
        "مستشفى سان لازار",
        "فص المخ الأمامي",
        "موجز تاريخ الجنون",
        "تاريخ الجنون | الدحيح",
        "تاريخ الجنون الدحيح",
        "dahih",
        "new media academy دوباميكافين"
    ],
    "Title": "تاريخ الجنون | الدحيح",
    "Number_of_Likes": 56945,
    "Number_of_Dislikes": 0,
    "Number_of_Views": 2092624,
    "Number_of_Comments": 1355
}