{
    "VideoURL": "https://www.youtube.com/watch?v=DXEQoFp52U4",
    "Type": "YT video",
    "Categories": [
        "رقص شرقي",
        "تاريخ الرقص الشرقي",
        "تاريخ الرقص الشرقي الدحيح",
        "الرقص الشرقي",
        "تاريخ الحضارات القديمة",
        "الدحيح",
        "برنامج الدحيح الجديد",
        "حلقة الدحيح",
        "برنامج الدحيح",
        "elda7ee7",
        "daheeh",
        "da7ee7",
        "eldaheeh",
        "دحيح",
        "elda7i7",
        "الدحيح تاريخ الرقص الشرقي",
        "نيو ميديا أكاديمي",
        "new media academy",
        "al daheeh",
        "اكاديمية الاعلام الجديد",
        "new media academy الدحيح",
        "تاريخ الرقص الشرقي | الدحيح",
        "أصول الرقص الشعبي",
        "كلوت بك",
        "منطقة الأزبكية",
        "منيرة المهدية",
        "شفيقة القبطية",
        "فريدة مظهر",
        "تحية كاريوكا",
        "سامية جمال",
        "نعيمة عاكف"
    ],
    "Title": "تاريخ الرقص الشرقي | الدحيح",
    "Number_of_Likes": 94188,
    "Number_of_Dislikes": 0,
    "Number_of_Views": 2318894,
    "Number_of_Comments": 2709
}