{
    "VideoURL": "https://www.youtube.com/watch?v=b69HOs2U4lo",
    "Type": "YT video",
    "Categories": [
        "الدحيح",
        "eldahih",
        "elda7ee7",
        "da7ee7",
        "al daheeh",
        "اكاديمية الاعلام الجديد",
        "حلقة الدحيح",
        "daheeh",
        "new media academy",
        "آثار الإشعاع",
        "هيروشيما",
        "انفجار القنبلة النووية",
        "قنبلة ذرية",
        "قنبلة نووية",
        "اشعاع نووي",
        "الحرب العالمية الثانية",
        "مدينة هيروشيما",
        "قنبلة الولد الصغير",
        "اليابان",
        "استسلام اليابان",
        "امبراطور اليابان",
        "مأساة هيروشيما",
        "قصف هيروشيما",
        "ناجازاكي",
        "هاري ترومان",
        "الظلال النووية",
        "الحكومة اليابانية",
        "هيتاشا",
        "سكان هيروشيما",
        "ماساوا تسوزوكي",
        "أطباء هيروشيما",
        "طاعون القنبلة الذرية",
        "طوكيو",
        "قبة السلام"
    ],
    "Title": "تاني يوم بعد القنبلة | الدحيح",
    "Number_of_Likes": 224721,
    "Number_of_Dislikes": 0,
    "Number_of_Views": 6445801,
    "Number_of_Comments": 5256
}