{
    "VideoURL": "https://www.youtube.com/watch?v=Epa9CFnSqso",
    "Type": "YT video",
    "Categories": [
        "الدحيح",
        "eldahih",
        "elda7ee7",
        "da7ee7",
        "al daheeh",
        "اكاديمية الاعلام الجديد",
        "حلقة الدحيح",
        "daheeh",
        "new media academy",
        "تشيرنوبل",
        "تشيرنوبل الأمريكية",
        "نورث كالورينا",
        "قنبلة نووية",
        "قنابل نووية",
        "القنابل النووية",
        "قنبلة هيدروجينية",
        "هيروشيما",
        "ناجازاكي",
        "أوبنهايمر",
        "كتلة حرجة",
        "تفاعل نووي متسلسل",
        "سحابة المشروم",
        "انفجار نووي",
        "قنبلة ذرية",
        "مفتاح الامان",
        "دراعات التسليح",
        "وضع التسليح",
        "قاعدة سيمور جونسون",
        "القوات الجوية الأمريكية",
        "طائرة عسكرية",
        "خزان الوقود",
        "المهندسين العسكريين",
        "سقوط القنبلة",
        "مدينة يوريكا"
    ],
    "Title": "تشيرنوبل الأمريكية | الدحيح",
    "Number_of_Likes": 98206,
    "Number_of_Dislikes": 0,
    "Number_of_Views": 2456221,
    "Number_of_Comments": 1928
}