{
    "VideoURL": "https://www.youtube.com/watch?v=7vfsv6Vm7AA",
    "Type": "YT video",
    "Categories": [
        "الدحيح",
        "برنامج الدحيح الجديد",
        "eldahih",
        "elda7ee7",
        "da7ee7",
        "al daheeh",
        "اكاديمية الاعلام الجديد",
        "حلقة الدحيح",
        "daheeh",
        "new media academy",
        "توم آند جيري",
        "القط توم",
        "أفلام الكارتون",
        "توم وجيري",
        "ديزني",
        "والت ديزني",
        "جين ديتش",
        "رسوم متحركة",
        "Looney tunes",
        "Warner brothers",
        "السلوك البشري",
        "جيري بيك",
        "هوراس والبول",
        "الإندورفين",
        "روبن دنبار",
        "وليم مكدوجل",
        "The office",
        "الوعي البشري",
        "إيمانويل مايدنبيرج",
        "الإحراج الاجتماعي",
        "ليه بتضحك لما صاحبك يتكعبل",
        "صموئيل جانوس",
        "جيم نورتون",
        "صناع الكوميديا"
    ],
    "Title": "توم وجيري | الدحيح",
    "Number_of_Likes": 122510,
    "Number_of_Dislikes": 0,
    "Number_of_Views": 3407615,
    "Number_of_Comments": 3191
}