{
    "VideoURL": "https://www.youtube.com/watch?v=L-fOHHnVBtY",
    "Type": "YT video",
    "Categories": [
        "الدحيح",
        "eldahih",
        "elda7ee7",
        "da7ee7",
        "al daheeh",
        "اكاديمية الاعلام الجديد",
        "حلقة الدحيح",
        "daheeh",
        "new media academy",
        "شركة تويوتا",
        "تويوتا",
        "تويوتا اليابانية",
        "سيارة كهربائية",
        "سيارة يابانية",
        "شركة تويوتا اليابانية",
        "كورولا",
        "تويوتا كورولا",
        "سيارة تويوتا",
        "شركات تصنيع السيارات",
        "تصنيع سيارات",
        "سيارات اليابان",
        "اهم السيارات",
        "افصل سيارة",
        "اشهر سيارة في العالم"
    ],
    "Title": "تويوتا | الدحيح",
    "Number_of_Likes": 89594,
    "Number_of_Dislikes": 0,
    "Number_of_Views": 2694206,
    "Number_of_Comments": 1958
}