{
    "VideoURL": "https://www.youtube.com/watch?v=wsO1Fxxzarc",
    "Type": "YT video",
    "Categories": [
        "الدحيح",
        "eldahih",
        "elda7ee7",
        "da7ee7",
        "al daheeh",
        "اكاديمية الاعلام الجديد",
        "حلقة الدحيح",
        "daheeh",
        "new media academy",
        "قيام الرايخ الثاني",
        "الإمبراطورية الرومانية",
        "الروح الألمانية",
        "نابليون بونابرت",
        "بسمارك",
        "المستشار بسمارك",
        "المانيا",
        "برلين",
        "الاتحاد الاوروبي",
        "هتلر",
        "الحرب العالمية الأولى",
        "قصر فيرساي",
        "رايخ",
        "شارلمان العظيم",
        "الولايات الألمانية",
        "الثورة الصناعية",
        "فرنسا",
        "أوتوفون بسمارك",
        "تاريخ أوروبا",
        "بروسيا",
        "البلاط البروسي",
        "النمسا",
        "الاتحاد الالماني",
        "أوروبا",
        "الامبراطورية الجديدة",
        "بافاريا"
    ],
    "Title": "توحيد ألمانيا | الدحيح",
    "Number_of_Likes": 84183,
    "Number_of_Dislikes": 0,
    "Number_of_Views": 2890247,
    "Number_of_Comments": 1476
}