{
    "VideoURL": "https://www.youtube.com/watch?v=3gyeOcpdc6g",
    "Type": "YT video",
    "Categories": [
        "الدحيح",
        "eldahih",
        "elda7ee7",
        "da7ee7",
        "al daheeh",
        "اكاديمية الاعلام الجديد",
        "حلقة الدحيح",
        "daheeh",
        "new media academy",
        "مملكة النبات",
        "حرب النباتات",
        "الأشجار",
        "حدث الأكسدة الكبير",
        "الغلاف الجوي",
        "تفاعل الحديد",
        "المحيطات",
        "الأوكسجين",
        "ثاني أكسيد الكربون",
        "الكائنات الحية",
        "النبات المفترس",
        "جذوع الاشجار",
        "سم كيميائي",
        "مواد نباتية",
        "ضوء الشمس",
        "التمثيل الضوئي",
        "البناء الضوئي",
        "بذور النباتات",
        "حياة النبات",
        "شجرة كافور",
        "جذور النبات",
        "أكبر نبات متطفل في العالم",
        "الشتلة الصغيرة",
        "الطماطم",
        "علم الاحياء",
        "علماء النبات"
    ],
    "Title": "حرب النباتات | الدحيح",
    "Number_of_Likes": 58634,
    "Number_of_Dislikes": 0,
    "Number_of_Views": 1442425,
    "Number_of_Comments": 1596
}