{
    "VideoURL": "https://www.youtube.com/watch?v=KNH8K3O3TCo",
    "Type": "YT video",
    "Categories": [
        "الدحيح",
        "برنامج الدحيح الجديد",
        "eldahih",
        "elda7ee7",
        "da7ee7",
        "al daheeh",
        "اكاديمية الاعلام الجديد",
        "حلقة الدحيح",
        "daheeh",
        "new media academy",
        "الكلب عدواني",
        "هجوم الكلاب",
        "كلاب الشوارع",
        "عضة كلب",
        "كلاب شرسة",
        "الكلب",
        "غرائز البقاء",
        "خوف الكلاب",
        "كلاب مستذئبة",
        "البشر والكلاب",
        "بيبي سيتر كلاب",
        "نباح الكلب",
        "الجراء",
        "الجرو",
        "الجيرمن شبرد",
        "البيتبول",
        "الروتفايلر",
        "تشريس الكلاب",
        "تدريب الكلاب",
        "مصارعة الكلاب",
        "الكلاب الصغيرة",
        "الكلاب الضالة",
        "كلب مستأنس",
        "غريزة الكلب",
        "هجمات الكلاب",
        "علشان الكلب ما يعضكش"
    ],
    "Title": "خطر الكلب | الدحيح",
    "Number_of_Likes": 84115,
    "Number_of_Dislikes": 0,
    "Number_of_Views": 2356827,
    "Number_of_Comments": 2404
}