{
    "VideoURL": "https://www.youtube.com/watch?v=vUaLZYAiolw",
    "Type": "YT video",
    "Categories": [
        "الدحيح",
        "eldahih",
        "elda7ee7",
        "da7ee7",
        "al daheeh",
        "اكاديمية الاعلام الجديد",
        "حلقة الدحيح",
        "daheeh",
        "new media academy",
        "هتلر",
        "النازية",
        "الرايخ الثالث",
        "ألمانيا",
        "الحرب العالمية الثانية",
        "تشرشل",
        "قوات الحلفاء",
        "قوات المحور",
        "جوبلز",
        "رودلف هاس",
        "الدوق هاملتون",
        "الحرب العالمية الأولى",
        "الجيش الالماني",
        "صليب الاستحقاق العسكري",
        "الفوهرر",
        "غزو بريطانيا",
        "الاتحاد السوفييتي",
        "دوق هاملتون",
        "الجنس الآري",
        "محاكمات نورمبرج",
        "قلعة شبانداو",
        "الرجل الأكثر وحدة في العالم",
        "رموز النازية",
        "بريجينيف",
        "مارجريت تاتشر",
        "قوانين نورمبرج"
    ],
    "Title": "رجل ساذج في الرايخ الثالث | الدحيح",
    "Number_of_Likes": 133676,
    "Number_of_Dislikes": 0,
    "Number_of_Views": 3564873,
    "Number_of_Comments": 1787
}