{
    "VideoURL": "https://www.youtube.com/watch?v=Xkb7Xdos1dM",
    "Type": "YT video",
    "Categories": [
        "شاورما",
        "شاورما دجاج",
        "شاورما اللحم",
        "شاورما لحم",
        "شاورما الدجاج",
        "أصل الشاورما",
        "قصة أصل الشاورما",
        "اصل الشاورما",
        "الشاورما التركية",
        "الشاورما السورية",
        "اصل الشاورما ويكيبيديا",
        "ما اصل الشاورما",
        "كيف يصنعون الشاورما",
        "الدحيح",
        "برنامج الدحيح الجديد",
        "حلقة الدحيح",
        "برنامج الدحيح",
        "new media academy الدحيح",
        "#daheeh #الدحيح",
        "eldahih",
        "daheeh",
        "elda7ee7",
        "al daheeh",
        "سيخ الشاورما",
        "لحم الخروف",
        "بورصة التركية",
        "حي كيهان",
        "إسكندر أفندي",
        "الدولة العثمانية",
        "الشيش كباب",
        "أتراك القرم",
        "تيك أواي",
        "الدونر"
    ],
    "Title": "شاورما الفراخ | الدحيح",
    "Number_of_Likes": 79712,
    "Number_of_Dislikes": 0,
    "Number_of_Views": 2319487,
    "Number_of_Comments": 2176
}