{
    "VideoURL": "https://www.youtube.com/watch?v=I8ig8by6NOI",
    "Type": "YT video",
    "Categories": [
        "الدحيح",
        "eldahih",
        "elda7ee7",
        "da7ee7",
        "al daheeh",
        "اكاديمية الاعلام الجديد",
        "حلقة الدحيح",
        "daheeh",
        "new media academy",
        "الصحاب",
        "الصداقة",
        "علاقة الصداقة",
        "الاصدقاء",
        "اسرار الاصدقاء",
        "غدر الأصدقاء",
        "طبيعة علاقة الأصدقاء",
        "إنهاء العلاقات السامة",
        "كيفية التعامل مع غدر الصحاب",
        "مشاركة الاسرار",
        "احتياجات الصداقة",
        "مسؤولية الصداقة",
        "صديقك المقرب",
        "العلاقات الانسانية",
        "انماط الصداقة",
        "كيف تخسر صديقك",
        "نظريات الصداقة",
        "كيف تهزم عدوك",
        "الصديق الحقيقي"
    ],
    "Title": "غدر الصحاب | الدحيح",
    "Number_of_Likes": 110608,
    "Number_of_Dislikes": 0,
    "Number_of_Views": 2845191,
    "Number_of_Comments": 2891
}