{
    "VideoURL": "https://www.youtube.com/watch?v=Fi5grDvWgew",
    "Type": "YT video",
    "Categories": [
        "الدحيح",
        "eldahih",
        "elda7ee7",
        "da7ee7",
        "al daheeh",
        "اكاديمية الاعلام الجديد",
        "حلقة الدحيح",
        "daheeh",
        "new media academy",
        "الهند",
        "غزو الهند",
        "الهند الغربية",
        "بريطانيا",
        "المستعمرات",
        "أغنى دولة على سطح الأرض",
        "التجار البريطانيين",
        "شركة الهند",
        "شركة الهند الشرقية",
        "الشركة الشريرة",
        "غاندي",
        "الدولة المغولية",
        "الهندوس",
        "جزر الهند الشرقية",
        "نيو دلهي",
        "كالكتا",
        "اكتشاف الهند",
        "الامبراطورية الهندية",
        "إقليم البنغال",
        "مير قاسم",
        "زراعة الأفيون",
        "ثورة الهند",
        "سكان الهند"
    ],
    "Title": "غزو الهند | الدحيح",
    "Number_of_Likes": 87679,
    "Number_of_Dislikes": 0,
    "Number_of_Views": 3291234,
    "Number_of_Comments": 3485
}