{
    "VideoURL": "https://www.youtube.com/watch?v=6nCL4bHjZvg",
    "Type": "YT video",
    "Categories": [
        "الدحيح",
        "برنامج الدحيح الجديد",
        "eldahih",
        "elda7ee7",
        "da7ee7",
        "al daheeh",
        "اكاديمية الاعلام الجديد",
        "حلقة الدحيح",
        "daheeh",
        "new media academy",
        "فنسنت فان جوخ",
        "Vincent van Gogh",
        "الفنان الهولندي فنسنت فان جوخ",
        "فان جوخ الرسام العالمي",
        "مسیح مناجم الفحم",
        "المتحف الوطني في لندن",
        "مبشّر مسيحي",
        "عُمّال مناجم الفحم",
        "بيع اللوحات",
        "لوحات فنية",
        "دراسة الأنجيل",
        "ثيو فان جوخ",
        "هارولد بلوم",
        "ليلة النجوم",
        "آكلو البطاطا",
        "كريستينا شالينيسكي",
        "حقل القمح والغربان",
        "لوحات فان جوخ",
        "بورتريه الطبيب غاشيه",
        "غرفة النوم"
    ],
    "Title": "فان جوخ | الدحيح",
    "Number_of_Likes": 119863,
    "Number_of_Dislikes": 0,
    "Number_of_Views": 2738421,
    "Number_of_Comments": 3189
}