{
    "VideoURL": "https://www.youtube.com/watch?v=f0oy-NicIgE",
    "Type": "YT video",
    "Categories": [
        "الدحيح",
        "eldahih",
        "elda7ee7",
        "da7ee7",
        "al daheeh",
        "اكاديمية الاعلام الجديد",
        "حلقة الدحيح",
        "daheeh",
        "new media academy",
        "طوفان الاقصى",
        "حماس",
        "فلسطين",
        "ابو عبيدة",
        "غزة",
        "القدس",
        "يافا",
        "حيفا",
        "عكا",
        "حكاية الأرض",
        "شيمون بيريز",
        "اسحق رابين",
        "شارون",
        "نتينياهو",
        "هرتزل",
        "بن جوريون",
        "موشي ديان",
        "جوالدا مائير",
        "ياسر عرفات",
        "رام الله",
        "طنطورة",
        "دير ياسين",
        "رفح",
        "القضية الفلسطينية",
        "الدحيح فلسطين",
        "Palestine",
        "Gaza",
        "رفح المصرية",
        "مجزرة رفح",
        "مجزرة الخيام",
        "المقاومة",
        "رفح الفلسطينية",
        "حرب المقاومة",
        "حرب فلسطين",
        "الاحتلال",
        "شهيد رفح"
    ],
    "Title": "فلسطين .. حكاية الأرض | الدحيح | Palestine .. a Tale of Land",
    "Number_of_Likes": 1148989,
    "Number_of_Dislikes": 0,
    "Number_of_Views": 22313352,
    "Number_of_Comments": 55595
}