{
    "VideoURL": "https://www.youtube.com/watch?v=9h3Ejj3vqHs",
    "Type": "YT video",
    "Categories": [
        "formula 1",
        "formula one",
        "f1",
        "auto racing",
        "grand prix",
        "motor racing",
        "sport",
        "sports",
        "action",
        "ferrari",
        "f1 news",
        "f1 2023",
        "f1 testing",
        "فورميلا ١",
        "فورمولا 1",
        "lewis hamilton",
        "فورمولا",
        "الدحيح",
        "برنامج الدحيح الجديد",
        "حلقة الدحيح",
        "برنامج الدحيح",
        "new media academy الدحيح",
        "elda7ee7",
        "eldahih",
        "daheeh",
        "da7ee7",
        "al daheeh",
        "eldaheeh",
        "سباقات الرالي",
        "سباق السيارات",
        "Grand Prix",
        "منظمة الـ FIA",
        "محرك السيارات",
        "الدفع الرباعي",
        "التويوتا كورولا",
        "أقراص الفرامل",
        "Thermal mass",
        "القصور الذاتي",
        "قوانين نيوتن للحركة"
    ],
    "Title": "فورمولا ١ | الدحيح",
    "Number_of_Likes": 85127,
    "Number_of_Dislikes": 0,
    "Number_of_Views": 2111682,
    "Number_of_Comments": 1854
}