{
    "VideoURL": "https://www.youtube.com/watch?v=HCSa0iwe4FM",
    "Type": "YT video",
    "Categories": [
        "scary movies",
        "scary stories to tell in the dark",
        "الدحيح",
        "horror movies",
        "horror movie",
        "new media academy الدحيح",
        "new media academy",
        "اكاديمية الاعلام الجديد",
        "فيلم رعب",
        "wednesday dance",
        "contagion trailer",
        "hypnosis",
        "halloween",
        "halloween movies ranked",
        "free scary movies",
        "cinema",
        "psychology",
        "daheeh",
        "el daheeh",
        "فلم رعب | الدحيح",
        "بوكافيين",
        "دحيح",
        "حلقة الدحيح",
        "سيجموند فرويد",
        "ستيفن كينج",
        "نبوءة هتلر",
        "Erik Jan Hanussen",
        "الكساد العظيم",
        "فرانكشتاين",
        "الإتحاد السوفييتي",
        "القنبلة الذرية",
        "هيتشكوك"
    ],
    "Title": "فيلم رعب | الدحيح",
    "Number_of_Likes": 98798,
    "Number_of_Dislikes": 0,
    "Number_of_Views": 2528927,
    "Number_of_Comments": 1787
}