{
    "VideoURL": "https://www.youtube.com/watch?v=z5d-xsBYAFo",
    "Type": "YT video",
    "Categories": [
        "الدحيح",
        "eldahih",
        "elda7ee7",
        "da7ee7",
        "al daheeh",
        "اكاديمية الاعلام الجديد",
        "حلقة الدحيح",
        "daheeh",
        "new media academy",
        "كارت أحمر",
        "قدرة الحكم البشري",
        "العنف في اللعبة",
        "حكم كرة القدم",
        "التحكيم الدولي",
        "تاريخ التحكيم",
        "ضربات الجزاء",
        "كارت اصفر",
        "القرارات التحكيمية",
        "كولينا",
        "كرة القدم",
        "الحكم",
        "الحكم المساعد",
        "العنف في الرياضة",
        "طرد اللاعب",
        "كاس العالم",
        "أسطورة مارادونا",
        "بطولة البريمييرليج",
        "اخطاء الحكام",
        "أفضل حكم في تاريخ اللعبة",
        "حكم الفار",
        "الاتحاد الدولي",
        "حكاية الفار والإنذار",
        "بداية التحكيم"
    ],
    "Title": "كارت أحمر | الدحيح",
    "Number_of_Likes": 65061,
    "Number_of_Dislikes": 0,
    "Number_of_Views": 1665982,
    "Number_of_Comments": 1443
}