{
    "VideoURL": "https://www.youtube.com/watch?v=r8aaonxBWVM",
    "Type": "YT video",
    "Categories": [
        "الدحيح",
        "eldahih",
        "elda7ee7",
        "da7ee7",
        "al daheeh",
        "اكاديمية الاعلام الجديد",
        "حلقة الدحيح",
        "daheeh",
        "new media academy",
        "ronaldo",
        "Cristiano Ronaldo",
        "CR7",
        "صاروخ ماديرا",
        "رونالدو",
        "كريستيانو",
        "نادي النصر السعودي",
        "كريستيانو رونالدو",
        "احتفال رونالدو",
        "زلاتان إبراهيموفيتش",
        "أهم وكيل لاعبين في العالم",
        "البريميرليج",
        "شركة نايكي",
        "مانشستر يونايتد",
        "ريال مدريد",
        "يوفنتوس",
        "أليكس فيرجسون",
        "سبورتنج لشبونة",
        "جورج بيست",
        "جاري نيفيل",
        "فرانك لامبارد",
        "لامبارد",
        "طرد روني",
        "الان شيرار",
        "يري هنري",
        "الشامبيونزليج",
        "اديداس",
        "خورخي مينديز"
    ],
    "Title": "كريستيانو رونالدو - الجزء الأول | الدحيح",
    "Number_of_Likes": 194739,
    "Number_of_Dislikes": 0,
    "Number_of_Views": 5748359,
    "Number_of_Comments": 4047
}