{
    "VideoURL": "https://www.youtube.com/watch?v=72sfOuuRX94",
    "Type": "YT video",
    "Categories": [
        "الدحيح",
        "eldahih",
        "elda7ee7",
        "da7ee7",
        "al daheeh",
        "اكاديمية الاعلام الجديد",
        "حلقة الدحيح",
        "daheeh",
        "new media academy",
        "planet of apes",
        "apes",
        "rise of apes",
        "kingdom of apes",
        "قرود افريقيا",
        "شمبانزي",
        "القردة العليا",
        "القرود",
        "كوكب القرود",
        "فيلم كوكب القرود",
        "جيش القرود",
        "احتلال القرود",
        "تجارب علمية",
        "الشمبانزي",
        "قبيلة القرود",
        "مستعمرة القرود",
        "إنسان الغاب",
        "البونوبو",
        "الغوريال",
        "أقوى حيوان فالعالم",
        "قوة الغوريلا",
        "طرزان",
        "البابون",
        "أذكى الحيوانات",
        "كوكب القردة",
        "قرود متطورة"
    ],
    "Title": "كوكب القرود | الدحيح",
    "Number_of_Likes": 65364,
    "Number_of_Dislikes": 0,
    "Number_of_Views": 1727301,
    "Number_of_Comments": 3070
}