{
    "VideoURL": "https://www.youtube.com/watch?v=-2is0rI_tow",
    "Type": "YT video",
    "Categories": [
        "الدحيح",
        "eldahih",
        "elda7ee7",
        "da7ee7",
        "al daheeh",
        "اكاديمية الاعلام الجديد",
        "حلقة الدحيح",
        "daheeh",
        "new media academy",
        "الصين",
        "اللغة الصينية",
        "توحيد الصين",
        "كيف تتعلم اللغة الصينية",
        "ثقافة الصين",
        "تاريخ الصين",
        "لغات صوتية",
        "الأسطورة الصينية",
        "الرموز الصينية الحديثة",
        "سور الصين العظيم",
        "الامبراطورية الصينية الموحدة",
        "الحروف الصينية",
        "تطور اللغة الصينية",
        "الكتابة الصينية",
        "الصينيين",
        "جوهر اللغة الصينية",
        "أصعب لغة في العالم"
    ],
    "Title": "كيف تتعلم اللغة الصينية في ٤٠ سنة؟ | الدحيح",
    "Number_of_Likes": 93709,
    "Number_of_Dislikes": 0,
    "Number_of_Views": 2765126,
    "Number_of_Comments": 3404
}