{
    "VideoURL": "https://www.youtube.com/watch?v=arhrkprz0WQ",
    "Type": "YT video",
    "Categories": [
        "الدحيح",
        "برنامج الدحيح الجديد",
        "new media academy الدحيح",
        "eldahih",
        "elda7ee7",
        "da7ee7",
        "al daheeh",
        "new media academy",
        "اكاديمية الاعلام الجديد",
        "المقابر",
        "قصص المقابر",
        "حكايات المقابر",
        "زيارة المقابر",
        "حلقة الدحيح",
        "daheeh",
        "الفتح الإسلامي",
        "تيتسويا أوتوشي",
        "قابيل",
        "هابيل",
        "فولتير",
        "ماكس شيلر",
        "لودفيج لاندسبيرج",
        "فلاسفة اليونان",
        "سقراط",
        "مصر الفرعونية",
        "إيزيس",
        "حورس"
    ],
    "Title": "كيف تتخلص من الجثة | الدحيح",
    "Number_of_Likes": 87946,
    "Number_of_Dislikes": 0,
    "Number_of_Views": 2571492,
    "Number_of_Comments": 2236
}