{
    "VideoURL": "https://www.youtube.com/watch?v=TQDBlhcl3cI",
    "Type": "YT video",
    "Categories": [
        "الدحيح",
        "eldahih",
        "elda7ee7",
        "da7ee7",
        "al daheeh",
        "اكاديمية الاعلام الجديد",
        "حلقة الدحيح",
        "daheeh",
        "new media academy",
        "الخرسانة",
        "الخرسانة المسلحة",
        "البناء",
        "البناء الحديث",
        "تاريخ الخرسانة",
        "تاريخ البناء",
        "ظهور الخرسانة",
        "المهندسون",
        "ناطحة سحاب",
        "حسن فتحي",
        "صناعة الاسمنت",
        "الأسمنت",
        "اسمنت مقاوم للمياه",
        "مطحنة الاسمنت",
        "منازل الخشب",
        "شركات البناء",
        "بناء المنازل",
        "مواد البناء",
        "الخرسانة الحديثة",
        "الحرب العالمية الثانية",
        "المهندسين",
        "الثورة الصناعية",
        "المعمار الكلاسيكي",
        "ناطحات سحاب",
        "شارع خرسانة",
        "بناء عالم جديد"
    ],
    "Title": "كيف تبني العالم ؟ | الدحيح",
    "Number_of_Likes": 64665,
    "Number_of_Dislikes": 0,
    "Number_of_Views": 1900409,
    "Number_of_Comments": 1723
}