{
    "VideoURL": "https://www.youtube.com/watch?v=AveQVd2ubZI",
    "Type": "YT video",
    "Categories": [
        "الدحيح",
        "eldahih",
        "elda7ee7",
        "da7ee7",
        "al daheeh",
        "اكاديمية الاعلام الجديد",
        "حلقة الدحيح",
        "daheeh",
        "new media academy",
        "المضادات الحيوية",
        "البكتيريا",
        "الجهاز المناعي",
        "العدوى",
        "عدوة بكتيرية",
        "تسمم الدم",
        "النزلات المعوية",
        "الالتهاب الرئوي",
        "عدوى بعد الولادة",
        "ألكسندر فلِمِنج",
        "البنسلين",
        "بكتيريا الالتهاب السحائي",
        "أول مضاد حيوي",
        "استخلاص البنسلين",
        "التهاب رئوي",
        "الأمراض المعدية",
        "عدوى الطاعون",
        "الحمض النووي",
        "قتل البكتيريا",
        "الفشل الكلوي",
        "بكتيرية حساسة للمضاد الحيوي",
        "تدمير الجهاز المناعي",
        "أقدم كائنات حية"
    ],
    "Title": "كيف لكائن انتصرنا عليه أن ينتصر علينا | الدحيح",
    "Number_of_Likes": 67698,
    "Number_of_Dislikes": 0,
    "Number_of_Views": 1988721,
    "Number_of_Comments": 1313
}