{
    "VideoURL": "https://www.youtube.com/watch?v=mn-br82ENxc",
    "Type": "YT video",
    "Categories": [
        "الدحيح",
        "eldahih",
        "elda7ee7",
        "da7ee7",
        "al daheeh",
        "اكاديمية الاعلام الجديد",
        "حلقة الدحيح",
        "daheeh",
        "new media academy",
        "تاريخ البروباجندا",
        "الحرب العالمية الأولى",
        "الرأي العام الأمريكي",
        "فن التسويق",
        "الدعاية",
        "فن الدعاية",
        "الحضارة الأمريكية",
        "قيصر ألمانيا",
        "جوبلز",
        "الحياة الأمريكية",
        "مكتب علاقات عامة",
        "موكب الربيع",
        "ابن أخت فرويد",
        "مؤسس مجال العلاقات العامة",
        "فوائد التدخين",
        "فوائد الحرب",
        "الدعاية التقليدية",
        "الاعلان المباشر",
        "سيجموند فرويد",
        "نفسية المستهلك",
        "نفسية المشتري",
        "كيف تسيطر علي السوق"
    ],
    "Title": "كيف يمكن أن تقنع الناس بفوائد التدخين والحرب؟ | الدحيح",
    "Number_of_Likes": 86465,
    "Number_of_Dislikes": 0,
    "Number_of_Views": 2540030,
    "Number_of_Comments": 2383
}