{
    "VideoURL": "https://www.youtube.com/watch?v=opQIQ5Xhkb4",
    "Type": "YT video",
    "Categories": [
        "الدحيح",
        "eldahih",
        "elda7ee7",
        "da7ee7",
        "al daheeh",
        "اكاديمية الاعلام الجديد",
        "حلقة الدحيح",
        "daheeh",
        "new media academy",
        "روبن هود",
        "الملك ريتشارد",
        "قلب الاسد",
        "الحملات الصليبية",
        "الريف الأوروبي",
        "عصابات",
        "العصور الوسطى في أوروبا",
        "العصور الوسطى",
        "ملك انجلترا",
        "ميثاق الماجنا كارتا",
        "الملك جون",
        "غابة شيروود",
        "الملكة إليزابيث األولى",
        "إنجلترا",
        "النورمانديين",
        "تاريخ الجريمة",
        "لص البنوك األمريكي",
        "أزمة الكساد",
        "مفهوم النفعية",
        "الطبقة الوسطى",
        "قصة روبن هود",
        "أفلام روبن هود",
        "بطل خارج عن القانون",
        "غابات نوتنغهام"
    ],
    "Title": "لصوص لكن شرفاء | الدحيح",
    "Number_of_Likes": 64647,
    "Number_of_Dislikes": 0,
    "Number_of_Views": 2091394,
    "Number_of_Comments": 1816
}