{
    "VideoURL": "https://www.youtube.com/watch?v=CFeW61i_MLA",
    "Type": "YT video",
    "Categories": [
        "الدحيح",
        "eldahih",
        "elda7ee7",
        "da7ee7",
        "al daheeh",
        "اكاديمية الاعلام الجديد",
        "حلقة الدحيح",
        "daheeh",
        "new media academy",
        "الطبيعة",
        "حياة الطبيعة",
        "الحياة البرية",
        "قصة الإنسان مع الطبيعة",
        "الصيادين",
        "آلاسكا",
        "غابات أوريغون",
        "الحرس الوطني في آلاسكا",
        "التنوع البيولوجي",
        "العصر الجليدي",
        "العداء مع الطبيعة",
        "الزراعة",
        "قوانين نيوتن",
        "الغابات",
        "جان جاك روسو",
        "السكان الأصليين",
        "محمية طبيعية",
        "الحيوانات",
        "إستخراج المعادن",
        "قطع شجر الغابات",
        "كوكب الارض",
        "البشر فيروس",
        "وقت الكورونا",
        "موارد الطبيعة",
        "فيروس",
        "رومانسية الطبيعة"
    ],
    "Title": "لماذا أكره الطبيعة | الدحيح",
    "Number_of_Likes": 62414,
    "Number_of_Dislikes": 0,
    "Number_of_Views": 1857505,
    "Number_of_Comments": 1376
}