{
    "VideoURL": "https://www.youtube.com/watch?v=6_7FrIGFDeM",
    "Type": "YT video",
    "Categories": [
        "الدحيح",
        "eldahih",
        "elda7ee7",
        "da7ee7",
        "al daheeh",
        "اكاديمية الاعلام الجديد",
        "حلقة الدحيح",
        "daheeh",
        "new media academy",
        "الدايت",
        "الريجيم",
        "الأكل",
        "البرجر",
        "كنتاكي",
        "ماكدونالدز",
        "وجبات سريعة",
        "الهضم",
        "برجر",
        "برجر جوسي",
        "كيف تأكل بأمان",
        "السجق الشرقي",
        "عرق الفلتو",
        "احلى برجر في العالم الدحيح",
        "ليه بنتخن في رمضان",
        "كيتو دايت",
        "التمثيل الغذائي",
        "معدلات السكر",
        "نظام تخسيس",
        "الكالوريز",
        "سعرات حرارية",
        "الهيموجلوبين السكري",
        "شهر الصيام",
        "الأكل في رمضان"
    ],
    "Title": "ماذا قال الدحيح عن الطبخ والأكل والدايت؟",
    "Number_of_Likes": 8854,
    "Number_of_Dislikes": 0,
    "Number_of_Views": 278026,
    "Number_of_Comments": 199
}