{
    "VideoURL": "https://www.youtube.com/watch?v=wCRw3hgIZv4",
    "Type": "YT video",
    "Categories": [
        "الدحيح",
        "eldahih",
        "elda7ee7",
        "da7ee7",
        "al daheeh",
        "اكاديمية الاعلام الجديد",
        "حلقة الدحيح",
        "daheeh",
        "new media academy",
        "المافيا",
        "الجيش الامريكي",
        "الحرب العالمية",
        "المافيا الايطالية",
        "مساعدة الجيش الأمريكي",
        "معركة الأطلسي",
        "الحلفاء",
        "لاكي لوتشيانو",
        "الساحل الشرقي الامريكي",
        "الجريمة المنظمة",
        "جزيرة صقلية",
        "زعيم المافيا",
        "جريمة المافيا",
        "غسيل الاموال",
        "نیویورك",
        "ال كابون",
        "عصابات امريكا",
        "حرب العصابات",
        "سجون امريكا"
    ],
    "Title": "مافيا | الدحيح",
    "Number_of_Likes": 72541,
    "Number_of_Dislikes": 0,
    "Number_of_Views": 2213721,
    "Number_of_Comments": 1690
}