{
    "VideoURL": "https://www.youtube.com/watch?v=tMOfWn_J58E",
    "Type": "YT video",
    "Categories": [
        "الدحيح",
        "eldahih",
        "elda7ee7",
        "da7ee7",
        "al daheeh",
        "اكاديمية الاعلام الجديد",
        "حلقة الدحيح",
        "daheeh",
        "new media academy",
        "Mike Tyson",
        "Tyson",
        "Boxing record",
        "mike tyson vs holyfield",
        "mike tyson vs jon jones",
        "أكثر الملاكمين رعبًا",
        "سيكولوجية الخوف",
        "تايسون يفوز بلقب IBF",
        "ممتلكات مايك تايسون",
        "رشوة تايسون",
        "محمد علي كلاي",
        "قبضة تايسون",
        "بوبي ستيوارت",
        "بطل العالم للوزن الثقيل",
        "أقوى ملاكم في العالم",
        "الملاكمة",
        "تاريخ الملاكمة",
        "ضربة قاضية",
        "إيدي ريتشاردسون",
        "تكنيك البيكابو",
        "مواجهات تايسون",
        "اعتزال تايسون"
    ],
    "Title": "مايك تايسون | الدحيح",
    "Number_of_Likes": 128946,
    "Number_of_Dislikes": 0,
    "Number_of_Views": 3380264,
    "Number_of_Comments": 2222
}