{
    "VideoURL": "https://www.youtube.com/watch?v=zTXXTgdz4Sk",
    "Type": "YT video",
    "Categories": [
        "الدحيح",
        "eldahih",
        "elda7ee7",
        "da7ee7",
        "al daheeh",
        "اكاديمية الاعلام الجديد",
        "حلقة الدحيح",
        "daheeh",
        "new media academy",
        "الأوكستوسين",
        "الكساد العظيم",
        "القنبلة الذرية",
        "فيلم رعب",
        "فلم رعب | الدحيح",
        "نبوءة هتلر",
        "فرانكشتاين",
        "هيتشكوك",
        "أزمة الصواريخ الكوبية",
        "الإتحاد السوفييتي",
        "رئيس أمريكا",
        "نهاية العالم",
        "صواريخ كوبا",
        "جيفارا",
        "ستالين",
        "قنبلة هيروشيما",
        "تاريخ الحرب الباردة",
        "صواريخ جوبيتر",
        "الحرب الباردة",
        "كينيدي",
        "شارل ديجول",
        "برنامج الفضاء السوفييتي",
        "خليج الخنازير",
        "الثورة الكوبية"
    ],
    "Title": "ماذا قال الدحيح عن الرعب والزلازل ونهاية العالم؟ | الدحيح",
    "Number_of_Likes": 2269,
    "Number_of_Dislikes": 0,
    "Number_of_Views": 82949,
    "Number_of_Comments": 56
}