{
    "VideoURL": "https://www.youtube.com/watch?v=hUN2AJU-Ty4",
    "Type": "YT video",
    "Categories": [
        "الدحيح",
        "eldahih",
        "elda7ee7",
        "da7ee7",
        "al daheeh",
        "اكاديمية الاعلام الجديد",
        "حلقة الدحيح",
        "daheeh",
        "new media academy",
        "ثقافة مالية",
        "ريتشارد ثالر",
        "الحرية المالية",
        "budgeting",
        "الاقتصاد السلوكي",
        "تمثيل المصارعة",
        "اتحاد المصارعة",
        "حلبة المصارعة",
        "محمد علي كلاي",
        "تاريخ اتحاد المصارعة الحرة",
        "ريسلمانيا",
        "شاون مايكلز",
        "ستيف أوستن",
        "ملك السحالي المستبد",
        "اللقاء الأول مع الديناصورات",
        "الديناصورات آكلة اللحوم",
        "منصورة-صورس",
        "الإشعاع الحراري",
        "جزيرة يوكاتان",
        "الحقول البركانية العملاقة",
        "ريتشارد أوين",
        "آكلي نباتات"
    ],
    "Title": "ماذا قال الدحيح عن برامجنا المفضلة؟ | الدحيح",
    "Number_of_Likes": 2264,
    "Number_of_Dislikes": 0,
    "Number_of_Views": 73113,
    "Number_of_Comments": 102
}