{
    "VideoURL": "https://www.youtube.com/watch?v=D0ha_xUqI24",
    "Type": "YT video",
    "Categories": [
        "الدحيح",
        "eldahih",
        "elda7ee7",
        "da7ee7",
        "al daheeh",
        "اكاديمية الاعلام الجديد",
        "حلقة الدحيح",
        "daheeh",
        "new media academy",
        "اكتشاف الاشعاع",
        "العناصر المشعة",
        "العلاج بالاشعاع",
        "علاج السرطان",
        "رحلة الطب في العصر الذري",
        "العلاج الذري",
        "مرض السرطان",
        "السرطان",
        "الناقلات العصبية في المخ",
        "الجهاز المناعي",
        "العلاج بالإشعاع",
        "رونتجن",
        "هنري بيكوريل",
        "ماري كوري",
        "البولونيوم",
        "اليورانيوم",
        "العلاج باليورانيم",
        "الراديوم",
        "اكتشاف الراديوم",
        "جائزة نوبل",
        "اختراع الأشعة المقطعية",
        "الغدة الدرقية",
        "النيوترونات",
        "التعامل مع المواد المشعة"
    ],
    "Title": "ما يميت يفيد | الدحيح",
    "Number_of_Likes": 69744,
    "Number_of_Dislikes": 0,
    "Number_of_Views": 2240692,
    "Number_of_Comments": 1257
}