{
    "VideoURL": "https://www.youtube.com/watch?v=F9DhFq58Kug",
    "Type": "YT video",
    "Categories": [
        "الموت",
        "لحظات الموت",
        "الخوف من الموت",
        "مراحل الموت",
        "عدم الخوف من الموت",
        "علامات الموت",
        "العائدون من الموت",
        "العودة من الموت",
        "الدحيح",
        "برنامج الدحيح الجديد",
        "حلقة الدحيح",
        "برنامج الدحيح",
        "new media academy الدحيح",
        "#daheeh #الدحيح",
        "eldahih",
        "daheeh",
        "elda7ee7",
        "al daheeh",
        "da7ee7",
        "دحيح",
        "new media academy",
        "اكاديمية الاعلام الجديد",
        "الساربانش",
        "التافو فوبيا",
        "Gasping",
        "ردود الأفعال المنعكسة",
        "الخلل الدماغي",
        "المعيار القلبي التنفسي",
        "هارفارد",
        "الموت الدماغي",
        "مستشفى نيوتن",
        "نيوجيرسي",
        "كارن آن كوينلن"
    ],
    "Title": "متى يصبح الحي ميت؟ | الدحيح",
    "Number_of_Likes": 101217,
    "Number_of_Dislikes": 0,
    "Number_of_Views": 3103225,
    "Number_of_Comments": 2925
}