{
    "VideoURL": "https://www.youtube.com/watch?v=U48wWAAcVYM",
    "Type": "YT video",
    "Categories": [
        "الدحيح",
        "eldahih",
        "elda7ee7",
        "da7ee7",
        "al daheeh",
        "اكاديمية الاعلام الجديد",
        "حلقة الدحيح",
        "daheeh",
        "new media academy",
        "خوف الكلاب",
        "الكلاب الضالة",
        "علشان الكلب ما يعضكش",
        "الخنزير الوحشي الأفريقي",
        "الخنزير البري",
        "أضرار لحم الخنزير",
        "تحريم لحم الخنزير",
        "سبب تحريم لحم الخنزير",
        "لحم الخنزير واضراره",
        "معلومات غريبة عن الفيل",
        "الفيل الأسيوي",
        "فيل الغابات الأفريقي",
        "معلومات عن الفيل",
        "فيل السافانا",
        "جلد الفيل",
        "الفيل الآسيوي",
        "الماموث",
        "الجيرمن شبرد",
        "الروتفايلر",
        "تشريس الكلاب",
        "مصارعة الكلاب",
        "تدريب الكلاب"
    ],
    "Title": "موسم جديد من برنامج الدحيح!",
    "Number_of_Likes": 25757,
    "Number_of_Dislikes": 0,
    "Number_of_Views": 310941,
    "Number_of_Comments": 1037
}