{
    "VideoURL": "https://www.youtube.com/watch?v=xWmIsG72d24",
    "Type": "YT video",
    "Categories": [
        "الدحيح",
        "eldahih",
        "elda7ee7",
        "da7ee7",
        "al daheeh",
        "اكاديمية الاعلام الجديد",
        "حلقة الدحيح",
        "daheeh",
        "new media academy",
        "اللغة العربية",
        "سيبوية",
        "النحو العربي",
        "العراق",
        "امام النحاة",
        "علم النحو",
        "قواعد النحو",
        "البلاغة",
        "نشأة النحو",
        "الشعر العربي",
        "المعلقات",
        "امرؤ القيس",
        "عبد الملك بن مروان",
        "أمير المؤمنين",
        "أبو الأسود الدؤولي",
        "الامام علي",
        "تشكيل الحروف",
        "علم الموالي",
        "العصر الأموي",
        "العصر العباسي",
        "البصرة",
        "الكوفة",
        "الدولة الأموية",
        "بغداد",
        "نصر بن عاصم الليثي",
        "علم اللغة",
        "الأدب العربي",
        "الاعراب",
        "الخليل بن أحمد"
    ],
    "Title": "نحو نحوٍ افضل | الدحيح",
    "Number_of_Likes": 92939,
    "Number_of_Dislikes": 0,
    "Number_of_Views": 2136775,
    "Number_of_Comments": 4194
}