{
    "VideoURL": "https://www.youtube.com/watch?v=Q4L00UAt5JY",
    "Type": "YT video",
    "Categories": [
        "الدحيح",
        "برنامج الدحيح الجديد",
        "eldahih",
        "elda7ee7",
        "da7ee7",
        "al daheeh",
        "اكاديمية الاعلام الجديد",
        "حلقة الدحيح",
        "daheeh",
        "new media academy",
        "ماتت الديناصورات",
        "ديناصورات",
        "حقبة الحياة الوسطى",
        "تي-ريكس",
        "الـدسبيلتوصور",
        "آكلي نباتات",
        "منصورة-صورس",
        "تي ريكس",
        "جزيرة يوكاتان",
        "الإشعاع الحراري",
        "الغلاف الجوي",
        "الحقول البركانية العملاقة",
        "شبه القارة الهندية",
        "لويس ألفاريز",
        "عظام التنين",
        "ريتشارد بروكس",
        "الديناصورات آكلة اللحوم",
        "ريتشارد أوين",
        "ملك السحالي المستبد",
        "قوة الديناصورات",
        "اللقاء الأول مع الديناصورات"
    ],
    "Title": "نهاية الديناصورات | الدحيح",
    "Number_of_Likes": 136103,
    "Number_of_Dislikes": 0,
    "Number_of_Views": 3963056,
    "Number_of_Comments": 3698
}