{
    "VideoURL": "https://www.youtube.com/watch?v=-DVXdsZbcf8",
    "Type": "YT video",
    "Categories": [
        "الدحيح",
        "eldahih",
        "elda7ee7",
        "da7ee7",
        "al daheeh",
        "اكاديمية الاعلام الجديد",
        "حلقة الدحيح",
        "daheeh",
        "new media academy",
        "التمرد الوهابي فى الحجاز",
        "محمد علي",
        "كبار المماليك",
        "المماليك",
        "باب زويلة",
        "باب العزب",
        "قادة المماليك",
        "رجال محمد علي",
        "قنصوة الغوري",
        "الدولة العثمانية",
        "إمارة ذى القادر",
        "السلطنة المملوكية",
        "قبة الغوري",
        "رأس الرجاء الصالح",
        "قايتباي",
        "سليم الأول",
        "الصفويين",
        "قوة العثمانيين",
        "جيش المماليك",
        "معركة الريدانية",
        "طومان باي",
        "مساجد شارع الصليبة",
        "خاير بك",
        "سلطان مملوكي",
        "اسطنبول",
        "الخليفة العباسي"
    ],
    "Title": "نهاية المماليك | الدحيح",
    "Number_of_Likes": 83251,
    "Number_of_Dislikes": 0,
    "Number_of_Views": 2542992,
    "Number_of_Comments": 3034
}