{
    "VideoURL": "https://www.youtube.com/watch?v=L-AkMLZCiNs",
    "Type": "YT video",
    "Categories": [
        "هانيبال",
        "hannibal",
        "ancient rome",
        "history of rome",
        "hannibal the cannibal",
        "روما القديمة",
        "مدينة روما القديمة",
        "حروب روما القديمة",
        "روما",
        "الحضارة الرومانية",
        "تاريخ روما",
        "اثار روما القديمة",
        "ثقافة روما القديمة",
        "الإمبراطورية الرومانية",
        "تاريخ الرومان",
        "قصة الرومان",
        "roman empire",
        "الدحيح",
        "حلقة الدحيح",
        "برنامج الدحيح",
        "new media academy الدحيح",
        "eldahih",
        "daheeh",
        "elda7ee7",
        "da7ee7",
        "al daheeh",
        "اكاديمية الاعلام الجديد",
        "new media academy",
        "elda7i7",
        "قرطاج",
        "جزيرة صقلية",
        "Hannibal",
        "بارقا",
        "إسبانيا",
        "سكيبيو"
    ],
    "Title": "هانيبال | الدحيح",
    "Number_of_Likes": 151086,
    "Number_of_Dislikes": 0,
    "Number_of_Views": 4607701,
    "Number_of_Comments": 6220
}