{
    "VideoURL": "https://www.youtube.com/watch?v=4EiVHlsQNF4",
    "Type": "YT video",
    "Categories": [
        "الدحيح",
        "eldahih",
        "elda7ee7",
        "da7ee7",
        "al daheeh",
        "اكاديمية الاعلام الجديد",
        "حلقة الدحيح",
        "daheeh",
        "new media academy",
        "التجارب النووية",
        "الغلاف الهوائي",
        "التغير المناخي",
        "الاحتباس الحراري",
        "الثورة الصناعية",
        "انقراض الحياة",
        "فولاذ غير مشع",
        "انبعاثات الغازات",
        "أوكسيد الكربون",
        "التقلبات الجوية",
        "المناخ",
        "غليان الكوكب",
        "الموجه الحارة",
        "ارتفاع درجات الحرارة",
        "مشاكل الاحتباس الحراري",
        "برنامج السلاح النووي",
        "المحيطات",
        "ذوبان القطبين",
        "اعاصير",
        "تسونامي",
        "متوسط درجات الحرارة",
        "COP28",
        "البترول",
        "الغاز الطبيعي",
        "المصانع"
    ],
    "Title": "هل يمكن أن تصل درجة الحرارة في الرياض وبغداد إلى 60C؟ | الدحيح",
    "Number_of_Likes": 107315,
    "Number_of_Dislikes": 0,
    "Number_of_Views": 3083126,
    "Number_of_Comments": 2776
}